ssn|cc_num|first|last|gender|street|city|state|zip|lat|long|city_pop|job|dob|acct_num|profile
115-04-4507|4218196001337|Kathy|Johnson|F|863 Lawrence Valleys|Waldorf|MD|20601|38.6371|-76.8778|78078|Accounting technician|2000-10-03|888022315787|young_adults_female_urban.json
715-55-5575|4351161559407816183|Edward|Fuller|M|310 Kendra Common Apt. 164|Wrentham|MA|02093|42.0617|-71.3396|10955|Professor Emeritus|1976-06-07|917558277935|adults_2550_male_urban.json
167-48-5821|4192832764832|Michael|Cameron|M|05641 Robin Port|Hyattsville|MD|20785|38.9223|-76.8755|150988|International aid/development worker|1988-05-30|718172762479|adults_2550_male_urban.json
406-83-7518|4238849696532874|Ann|Williams|F|26916 Carlson Mountain|Cleveland|OH|44121|41.5277|-81.5323|769341|Seismic interpreter|1996-12-26|947268892251|adults_2550_female_urban.json
697-93-1877|4514627048281480|Lee|Hernandez|M|809 Burns Creek|Peoria|IL|61615|40.7661|-89.645|142158|Medical laboratory scientific officer|2006-05-22|888335239225|young_adults_male_urban.json
246-08-3947|3517182278248964|Vincent|Hickman|M|465 Lam Mission|Compton|CA|90222|33.9099|-118.2357|134901|Community arts worker|1988-06-18|245877882397|adults_2550_male_urban.json
347-03-9639|213193010310510|Kayla|Ramirez|F|82997 Kristen Valley Suite 311|Princess Anne|MD|21853|38.1919|-75.7072|11126|Plant breeder/geneticist|1935-03-06|465378164447|adults_50up_female_urban.json
479-94-0888|4065133387262473|David|Leblanc|M|108 Tanya Terrace Apt. 267|Wichita|KS|67218|37.669|-97.2802|409656|Quarry manager|1966-12-27|950105810049|adults_50up_male_urban.json
061-22-6210|630447468723|Colton|Robinson|M|805 Brendan Neck|Lafayette|LA|70501|30.2361|-92.0083|151705|Retail buyer|1973-08-23|940251608167|adults_50up_male_urban.json
162-08-8321|2222913619399092|Angela|Sandoval|F|3534 Anderson Rue Suite 751|Tavernier|FL|33070|25.0108|-80.5218|5344|Acupuncturist|1987-01-26|684868121383|adults_2550_female_urban.json
103-10-8809|4251354278496|Victoria|Roman|F|841 Joseph Coves|Miami|FL|33132|25.7867|-80.18|1737737|Surgeon|1993-02-26|297020387114|adults_2550_female_urban.json
620-27-5618|4874016400529|Mark|Green|M|680 Charles Spurs Apt. 805|Beacon|NY|12508|41.5097|-73.9634|19880|Television floor manager|1989-08-02|161286867170|adults_2550_male_urban.json
131-06-5051|345331586923222|Stanley|Johnson|M|3421 Brennan Walks Suite 337|Washington|DC|20015|38.9658|-77.068|601723|Maintenance engineer|1971-08-16|903253916954|adults_50up_male_urban.json
229-04-3165|6541458685014295|Victor|Baker|M|655 Obrien Pass|Virginia Beach|VA|23454|36.8282|-76.0237|437994|Commercial art gallery manager|1992-09-29|989496879843|adults_2550_male_urban.json
195-33-0728|3508835615951480|Eric|Ortiz|M|482 Robert Light Apt. 994|North Scituate|RI|02857|41.8439|-71.6242|8412|Optician, dispensing|1944-08-14|917181406434|adults_50up_male_urban.json
312-37-3444|6577738721489511|Robert|Potter|M|32003 Carr Trafficway Apt. 769|Louisville|KY|40272|38.0846|-85.851|736284|Engineer, broadcasting (operations)|1952-01-06|767589450881|adults_50up_male_urban.json
507-52-3998|4163287083172781|William|Larson|M|868 Merritt Summit Suite 743|Bridgewater|NJ|08807|40.5904|-74.6267|37972|Health and safety inspector|1943-01-23|857987636625|adults_50up_male_urban.json
497-81-3920|4143455812236231660|Gary|Owens|M|66909 Woods Knoll|Mason City|IA|50401|43.1499|-93.1954|29837|Hydrogeologist|1975-09-26|428437913341|adults_2550_male_urban.json
552-96-8948|3573467065627293|Joseph|Meadows|M|62720 Gray Forest|Port Chester|NY|10573|41.0222|-73.6798|38352|Programme researcher, broadcasting/film/video|1986-04-04|370770979513|adults_2550_male_urban.json
285-97-6907|4708053100330923275|Michael|Elliott|M|4529 Kimberly Estates|Bloomfield|CT|06002|41.8316|-72.7249|20486|Insurance risk surveyor|1976-11-24|636119440405|adults_2550_male_urban.json
320-74-6150|6011193149190586|Jessica|Wood|F|67165 Zimmerman Mews Apt. 849|Las Vegas|NM|87701|35.5949|-105.2272|20081|Solicitor|1983-11-15|531608037091|adults_2550_female_urban.json
447-94-9708|4314737996507527356|Robert|Peterson|M|083 John Lodge Suite 837|Fredericksburg|VA|22401|38.2995|-77.4772|156008|Recycling officer|1958-10-26|869508288813|adults_50up_male_urban.json
096-38-3631|6011495788568554|Michael|Nelson|M|13518 James Streets Suite 498|Lee|ME|04455|45.3635|-68.2909|923|Therapist, speech and language|2002-08-02|915259790398|young_adults_male_rural.json
304-30-5913|4082400842710944|Julie|Alexander|F|47116 Jones Roads|Mocksville|NC|27028|35.922|-80.537|25839|Astronomer|1970-08-09|163860419795|adults_50up_female_urban.json
312-11-4067|2706999386774968|Eric|Oliver|M|34123 Andrea Estate|Irving|TX|75038|32.8653|-96.9905|217883|Accountant, chartered|2001-02-24|495675808653|young_adults_male_urban.json
609-61-4772|564471349360|Ashley|Walker|F|2102 Larson Views|Saint Paul|MN|55104|44.9532|-93.158|753116|Teacher, adult education|1985-06-16|317489104406|adults_2550_female_urban.json
128-60-4983|3548877190659403|Brandon|Hayden|M|490 Thomas Run|Everett|WA|98201|47.9884|-122.2006|168159|Private music teacher|1942-12-10|308877180672|adults_50up_male_urban.json
600-56-8057|2556551256746807|Jordan|Edwards|F|68087 Brown Path Suite 977|La Mesa|CA|91941|32.7604|-117.0115|69848|Arts development officer|1972-03-05|292932052116|adults_50up_female_urban.json
135-37-7179|3510932480861310|Joel|Wilson|M|4846 Baird Gardens|Auburn|CA|95603|38.9115|-121.08|45428|Programmer, multimedia|1950-09-08|161281455424|adults_50up_male_urban.json
196-77-8328|3514658404499723|Jeremy|Washington|M|867 Kane Square Apt. 963|Apollo Beach|FL|33572|27.7716|-82.4102|14117|Paediatric nurse|1961-01-19|348079814698|adults_50up_male_urban.json
723-49-6326|4702895171870260|Shelby|Booker|F|4596 Melissa Walk|Chesapeake|VA|23322|36.6434|-76.242|222272|Social research officer, government|1960-02-03|688554816658|adults_50up_female_urban.json
894-70-0589|3534316117240050|Robert|Carter|M|2386 George Common Suite 937|Elyria|OH|44035|41.3724|-82.1051|64263|Television production assistant|1957-08-08|254017756402|adults_50up_male_urban.json
654-33-7530|4748217594647436717|David|Armstrong|M|406 Smith Way Apt. 974|Fort Atkinson|IA|52144|43.1339|-91.9134|1261|Event organiser|1943-09-09|883075619976|adults_50up_male_rural.json
225-82-3116|3521047095214560|Christopher|Anderson|M|842 Sloan Orchard Suite 517|Rockford|IL|61102|42.2547|-89.1247|189162|Call centre manager|1980-12-27|829533234908|adults_2550_male_urban.json
881-87-6512|180016048175499|Jane|Little|F|37098 Herman Forges Apt. 746|Salt Lake City|UT|84118|40.6504|-112.0054|594043|Commercial horticulturist|1956-09-04|47844977968|adults_50up_female_urban.json
312-64-1903|2248267586926175|Luis|Crosby|M|53773 Garcia Spur Suite 850|Rochester|NY|14616|43.2346|-77.6577|478127|Occupational therapist|1957-04-07|207343331995|adults_50up_male_urban.json
869-59-1502|4900532931839331|Gary|Hernandez|M|2284 Daniel Way|Bryan|TX|77803|30.6913|-96.3714|89322|Agricultural engineer|1984-02-27|13450992449|adults_2550_male_urban.json
809-31-9648|342402681177585|Kevin|Hayes|M|084 Schneider Burgs|Toledo|OH|43606|41.6712|-83.606|316948|Biochemist, clinical|1997-03-10|528274907582|adults_2550_male_urban.json
437-88-1769|38115921249985|Michael|James|M|8961 Melissa Run Apt. 673|Marietta|GA|30008|33.8972|-84.592|302309|Patent attorney|1995-08-31|907693799652|adults_2550_male_urban.json
409-54-1558|375452711116152|Robin|Hawkins|F|165 Parrish Stravenue Apt. 494|Washington|DC|20009|38.9202|-77.0375|601723|Management consultant|1980-06-06|631805153549|adults_2550_female_urban.json
218-20-7901|4585149368991|Megan|Hawkins|F|24455 Howard Divide Suite 120|Conover|NC|28613|35.7313|-81.2165|22759|Chemist, analytical|1967-04-06|583025110578|adults_50up_female_urban.json
386-54-7433|345459910229014|Dillon|Stanley|M|764 Kari Crescent Suite 614|Plainfield|IL|60544|41.6009|-88.1994|94521|Therapist, horticultural|2007-04-27|577615689420|young_adults_male_urban.json
316-06-3613|6011034324451072|Paul|Thompson|M|388 Jones Wall Apt. 607|Williston|FL|32696|29.3977|-82.4856|12071|Careers adviser|1933-09-12|347300118003|adults_50up_male_urban.json
440-74-6627|3541605297516136|Jeffrey|Morales|M|4535 Charles Roads|Ubly|MI|48475|43.6896|-82.964|2766|Clothing/textile technologist|2004-08-04|560624678846|young_adults_male_urban.json
795-45-5753|3531243292127790|Olivia|Cole|F|527 Taylor Roads Suite 490|Fountain Inn|SC|29644|34.6578|-82.2441|18578|Management consultant|1977-08-06|79488406665|adults_2550_female_urban.json
473-58-0617|584119986795|Kristen|Conner|F|9359 Mason Circle|Hagerstown|MD|21742|39.6573|-77.6921|95186|Production designer, theatre/television/film|1954-07-24|889502767451|adults_50up_female_urban.json
732-11-8267|4037788925546656|Meghan|Williams|F|51864 Cummings Shoals Apt. 519|Weston|FL|33327|26.1136|-80.417|53915|Counsellor|1935-09-08|386189485379|adults_50up_female_urban.json
672-90-6422|4486528168505423|Trevor|Peterson|M|32214 William Plains Apt. 592|Torrance|CA|90504|33.8708|-118.3295|174353|Therapist, speech and language|1950-07-22|169121724065|adults_50up_male_urban.json
186-89-2713|3506537947383471|Stuart|Lee|M|4688 Burch Viaduct Apt. 924|Madison|AL|35756|34.643|-86.8168|63731|Associate Professor|1977-07-09|531034820387|adults_2550_male_urban.json
568-14-8453|2261247826137504|Jennifer|Sanders|F|61530 Galvan Villages Suite 220|Gardena|CA|90247|33.8925|-118.2961|84103|Historic buildings inspector/conservation officer|1953-08-18|914473253283|adults_50up_female_urban.json
